id,Question,Calculated Rating,Actual Rating
1,"Frage (2012, Aufgabe 5.1.1)
Die steuerpflichtige Garage X AG, welche nach der effektiven Methode abrechnet, kauft vom nicht steuerpflichtigen Herrn Müller zwei Personenwagen, welche Herr Müller in den letzten vier Jahren privat benützt hat. Die Garage bezahlt Herrn Müller für den ersten Personenwagen CHF 30’000 und für den zweiten Personenwagen CHF 20’000. Die Garage X AG beabsichtigt, den ersten Personenwagen in der Schweiz als Occasionswagen wieder zu verkaufen. Den zweiten Personenwagen wird die Garage als Transportwagen für ihre Servicewerkstatt, welche ausschließlich steuerbare Umsätze erzielt, einsetzen.

Welche Vorsteuern könnte die Garage beim Kauf der beiden Personenwagen geltend machen? Berechnen Sie den allfälligen Vorsteuerbetrag und begründen Sie Ihre Antwort kurz zusammen mit den entsprechenden Bestimmungen des MWSTG.",0.3,0.4
2,"Frage (2012, Aufgabe 5.1.2)
Die in der Schweiz steuerpflichtige Beratungsfirma Consulting AG, welche nach der effektiven Methode abrechnet, hält in Österreich durch ihre Mitarbeiter diverse allgemeine Vorträge wissenschaftlicher Art. Die Consulting AG erhält dafür von den in Österreich domizilierten Zuhörern ein Honorar im Umfang von CHF 1,08 Mio. Die gesamten Aufwendungen im Zusammenhang mit der Erbringung dieser Referententätigkeit belaufen sich auf CHF 432’000 (inkl. CHF 32000 MWST) für die Consulting AG.
Berechnen Sie die MWST-Folgen für die Consulting AG und begründen Sie Ihre Berechnungen kurz zusammen mit den entsprechenden Bestimmungen des MWSTG und der MWSTV.",0.7,0.9
3,"Frage (2012, Aufgabe 5.1.3)
Die in England ansässige Trade Ltd. entsendet einen Mitarbeiter für 12 Monate in die von ihr beherrschte, in der Schweiz ansässige und steuerpflichtige Tochtergesellschaft Handels AG, ohne aber dabei den ursprünglichen Arbeitsvertrag zwischen der Trade Ltd. und dem Mitarbeiter aufzulösen. Die Trade Ltd. verrechnet der Handels AG sämtliche Salär Aufwendungen des Mitarbeiters zu 100% (Basissalär, Sozialabgaben etc.) im Umfang von CHF 300’000. Der Mitarbeiter hilft durch seinen Einsatz der Handels AG einen neuen erfolgreichen Vertriebskanal in der Schweiz aufzubauen.

Was für MWST-Folgen ergeben sich aufgrund dieser Entsendung für die Handels AG? Begründen Sie Ihre Antwort kurz zusammen mit den entsprechenden Bestimmungen des MWSTG und der MWSTV.",0.2,0.3
4,"Frage (2012, Aufgabe 5.2.1) 

Die steuerpflichtige Immo AG erstellt im Jahr 2012 ein Bauwerk mit insgesamt zehn Räumen auf einem in ihrem Eigentum befindlichen Grundstück. In sechs Räumen werden Büros, in den übrigen vier Räumen werden Wohnungen erstellt. Die gesamten Baukosten für die zehn Räume belaufen sich auf CHF 20 Mio., wovon CHF 15 Mio. (inkl. MWST) von steuerpflichtigen Bauunternehmungen erbracht werden. Die übrigen CHF 5 Mio. wurden von der Immo AG selber erbracht und beinhalten verwendetes Material, welches die Immo AG für CHF 3 Mio. (inkl. MWST) von steuerpflichtigen Lieferanten eingekauft hat: der restliche Teil im Umfang von CHF 2 Mio. stellt Eigenarbeit der Immo AG dar sowie Kosten für die Verwendung ihrer allgemeinen Infrastruktur, wie Geräte, Maschinen, Planung etc. Die Vorsteuern im Zusammenhang mit der Verwendung der allgemeinen Infrastruktur hat die Immo AG bereits vollumfänglich geltend gemacht, sie können aber von der Immo AG aufgrund fehlender Unterlagen nicht mehr eruiert und nachgewiesen werden. Alle Räume haben die gleiche Anzahl an m3. Die m3-Grösse stellt einen sachlich objektiven Schlüssel für die Aufteilung der gesamten Baukosten auf die verschiedenen Räume dar.
Die lmmo AG wird alle vier Wohnungen an Private zu Wohnzwecken vermieten, fünf der sechs Büros wird die Immo AG optiert an steuerpflichtige Unternehmen vermieten, das sechste Büro wird die Immo AG selbst beziehen. Dort wird die Immo AG ausschliesslich die Back-Office-Tätigkeiten für ihre Geschäftstätigkeit im Zusammenhang mit der reinen Vermietung von Parkplätzen in Parkhäusern an Private erbringen

Berechnen Sie die Vorsteuern, die die Immo AG geltend machen kann. Begründen Sie, weshalb die entsprechenden Vorsteuern im berechneten Umfang geltend gemacht bzw. nicht geltend gemacht werden können. Dabei sind die entsprechenden Bestimmungen des MWSTG und der MWSTV zu nennen.

",0.3,0.8
5,"Frage (2012, Aufgabe 5.2.2) 
Die Immo AG beschließt, die Liegenschaft zu verkaufen. Sie findet die Käuferin Real AG, die die Liegenschaft per 1.Januar 2014 für einen Verkaufspreis von CHF 30 Mio. (inkl. 5 Mio. für den Boden) übernehmen wird. Die eingegangenen Mietverhältnisse werden von der Real AG übernommen mit folgenden Änderungen: Zwei der insgesamt fünf vermieteten Büros werden per 1.Januar 2014 ohne Option an zwei neue Mieter vermietet. Die von der Immo AG genutzten Büros werden per 1.Januar 2014 an eine Einzelunternehmung vermietet, die die Geschäftsräume ausschließlich für «private» Zwecke nutzt.
Die Immo AG will auf keinen Fall durch diesen Verkauf irgendwelche Vorsteuerkorrekturen vornehmen (und zwar weder zu ihren Gunsten noch zu ihren Lasten).
Was für eine Möglichkeit für den Verkauf gibt es, damit im vorliegenden Fall der Verkauf der Liegenschaft durchgeführt werden kann, ohne dass die Immo AG Vorsteuerkorrekturen vornehmen muss?
",0.4,0.6
6,"Frage (2012, Aufgabe 5.2.3) 
Was für MWST-Folgen ergeben sich, wenn die beiden Parteien den Verkauf gemäss 5.2.2 durchführen, die Real AG aber sämtliche Unterlagen bezüglich der Liegenschaften von der Immo AG nicht erhält und somit den Nachweis der vorhergehenden Nutzung und Vorsteuerberechnungen nicht erbringen kann?
",0.4,0.8
7,"Frage (2012, Aufgabe 5.3.1) 
Die X AG möchte von Ihnen wissen, welche Beträge die X AG der ESTV infolge Verjährung nicht bezahlen soll. Begründen Sie Ihre Antwort kurz zusammen mit den entsprechenden Bestimmungen des MWSTG.",0.3,0.4
8,"Frage (2012, Aufgabe 5.3.2) 
Im Gegensatz zum Sachverhalt der Aufgabe 5.3.1. wird eine Einschätzungsmitteilung in der Form einer Verfügung der X AG erst am 5. Februar 2014 zugestellt, welche die X AG am 8. Februar 2014 erhält.
Zeitlich lässt sich der Sachverhalt wie folgt darstellen:
30.01.2012: - Brief ESTV bzgl. Ankündigung der Kontrolle
01.02.2012 - Erhalt Brief
30.06.2012: - Beginn Kontrolle
01.07.2013: - Abschluss Kontrolle
05.02.2014: - Datum Einschätzungsmitteilung
08.02.2014: - Erhalt Einschätzungsmitteilung (in Form einer Verfügung)
Welche Beträge soll die X AG infolge Verjährung nicht bezahlen? Begründen Sie Ihre Antwort kurz zusammen mit den entsprechenden Bestimmungen des MWSTG.
",0.4,0.3
9,"Frage (2012, Aufgabe 5.3.3)
Die steuerpflichtige X AG erhält am 2.August 2013 von der ESTV einen auf den 30.Juli 2013 datierten Brief, aufgrund dessen die X AG aufgefordert wird, ihre Geschäftsbücher für die Steuerperiode 2010 einzureichen.rss1 Die dazugehörigen Buchungsbelege werden aber nicht einverlangt. Die ESTV erhält die verlangten Geschäftsbücher am 10.August 2013 von der X AG. Basierend auf den aus den Geschäftsbüchern gewonnenen Erkenntnissen sendet die ESTV der X AG eine auf den 25.April 2014 datierte Einschätzungsmitteilung in der Form einer Verfügung, welche die X AG am 27.April 2014 erhält. Die Einschätzungsmitteilung beinhaltet eine zusätzliche Steuerforderung im Umfang von CHF 25000 infolge einer Aufrechnung eines Umsatzes, welcher am 25.April 2010 korrekterweise in den Geschäftsbüchern und im diesbezüglichen MWST-Abrechnungsformular hätte deklariert werden müssen. Die Aufrechnung ist materiell korrekt und wird deswegen von der X AG nicht bestritten.
Zeitlich lässt sich der Sachverhalt wie folgt darstellen:
30.07.2013 - Brief ESTV bzgl. Aufforderung zur Einreichung der Geschäftsbücher 
02.08.2013: - Erhalt Brief
10.08.2013: - Eingang Geschäftsbücher bei der ESTV
25.04.2014: - Datum Einschätzungsmitteilung
27.04.2014: - Erhalt Einschätzungsmitteilung (in Form einer Verfügung)
Ist der Betrag von CHF 25000 verjährt? Begründen Sie Ihre Antwort kurz zusammen mit den entsprechenden Bestimmungen des MWSTG.",0.5,0.7
10,"Frage (2012, Aufgabe 5.4.1)
Die X AG möchte die Steuerforderungen für die Steuerperiode 2012 minimieren bzw. den Steueranspruch maximieren. Was empfehlen Sie der X AG? Berechnen Sie die Steuerforderung bzw. den Steueranspruch der X AG. Begründen Sie Ihre Antworten unter Erwähnung der einschlägigen Bestimmungen des MWSTG der MWSTV.",0.4,0.5
11,"Frage (2012, Aufgabe 5.4.2)
In der nächsten Steuerperiode 2013 wird die X AG folgende Erträge erzielen:
Dividende von der A AG und der B AG im Umfang von CHF 15 Mio.
Zinserträge (infolge Anlage der eigenen liquiden Mittel) im Umfang von CHF 1 Mio.
Lizenzerträge von der AAG und der B AG im Umfang von CHF 10,8 Mio. (inkl. MWST)
Weiter werden folgende Aufwendungen in der Steuerperiode 2013 anfallen:
Beratungsdienstleistungen im Zusammenhang mit der Erzielung von Lizenzerträgen im Umfang von CHF 1,08 Mio. (inkl. MWST) übrige Aufwendungen (Revisionskosten, allgemeine Administrationsaufwendungen etc.) in der Höhe von CHF 2,16 Mio. (inkl. MWST)
In Bezug auf die Zinserträge führt die Pauschale von 0,02% für die Vorsteuerkorrektur zu einem sachgerechten Ergebnis.
Berechnen Sie die Steuerforderungen der X AG für die Steuerperiode 2013.",0.2,0.4
12,"
Die in der Schweiz ansässige X AG wird im Jahr 2014 folgende Einnahmen aus Buchhal­ tungsdienstleistungen erzielen und folgende Aufwendungen bezahlen:
•	Einnahmen aus der Erbringung von Buchhaltungsdienstleistungen
-	an im Inland ansässige Leistungsempfänger: CHF 1,5 Mio. (exkl. MWST)
-	an im Ausland ansässige Leistungsempfänger: CHF 3,5 Mio. (exkl. MWST)
•	Diverse Aufwendungen: CHF 432 ooo (inkl. CHF 32 ooo MWST)
Kann die X AG nach Saldosteuersatz abrechnen, wenn der anzuwendende Saldosteuer­ satz 6,1% beträgt? Begründen Sie Ihre Antwort durch entsprechende Berechnungen und durch Angabe der entsprechenden Artikel des MWSTG und der MWSTV.


Frage (2013, Aufgabe 5.1.1.1)
Die in der Schweiz ansässige X AG wird im Jahr 2014 folgende Einnahmen aus Buchhaltungsdienstleistungen erzielen und folgende Aufwendungen bezahlen:
•	Einnahmen aus der Erbringung von Buchhaltungsdienstleistungen
-	an im Inland ansässige Leistungsempfänger: CHF 1,5 Mio. (exkl. MWST)
-	an im Ausland ansässige Leistungsempfänger: CHF 3,5 Mio. (exkl. MWST)
•	Diverse Aufwendungen: CHF 432  000 (inkl. CHF 32  000 MWST)
Kann die X AG nach Saldosteuersatz abrechnen, wenn der anzuwendende Saldosteuersatz 6,1% beträgt? Begründen Sie Ihre Antwort durch entsprechende Berechnungen und durch Angabe der entsprechenden Artikel des MWSTG und der MWSTV
",0.4,0.9
13,"Frage (2013, Aufgabe 5.1.1.2)
Gehen Sie davon aus, dass die X AG seit dem 1.Januar 2014 nach Saldosteuersatz abrechnet. Die X AG wird per 30.Juni 2014 an den inländischen Konzern A verkauft, dessen Steuerperiode mit dem Kalenderjahr identisch ist. Der Konzern A beabsichtigt, die X AG so rasch als möglich in seine MWST-Gruppe aufzunehmen. Was muss der Konzern A unternehmen und gegenüber der ESTV bis wann kommunizieren, damit seine Absicht erfolgreich ist? Begründen Sie Ihre Antwort mit Angabe der entsprechenden Artikel des MWSTG und der MWSTV
",0.4,0.8
14,"Frage (2013, Aufgabe 5.1.2.1)
Die Kostüm AG rechnet seit dem 1.Januar 2ou mit dem Saldosteuersatz von 5,2% ab, wobei Kostüme an im In- und Ausland ansässige Abnehmer geliefert werden. Sämtliche Kostüme werden von der Kostüm AG selber hergestellt.
Die Kostüm AG erzielt einen Umsatz von CHF 1 Mio. für Kostüme, die sie ins Ausland verkauft. Nach welchen zwei verschiedenen Verfahren kann die Kostüm AG die Exporte von CHF I Mio. abrechnen? Nennen und erklären Sie kurz die beiden Verfahren und berechnen Sie die entsprechenden betragsmäßigen MWST-Konsequenzen.",0.6,0.8
15,"Frage  (2013, Aufgabe 5.1.2.2)
Für eine optimale weltweite Vermarktung hat die Kostüm AG in- und ausländische Werbebüros herbeigezogen, wobei inländische steuerpflichtige Unternehmen der Kostüm AG CHF 100‘000 und ausländische Unternehmen CHF 200000 für ihre Dienstleistungen in Rechnung gestellt haben (beide Beträge ohne MWST). Was für MWST-Konsequenzen in Bezug auf die Umsatz- und Vorsteuern ergeben sich für die Kostüm AG infolge dieser Rechnungen?

",0.3,0.4
16,"Frage (2013, Aufgabe 5.1.2.3)
Die Kostüm AG überführt im September 2013 ihre Liegenschaft, welche sie im Februar 2010 zum Preis (ohne Wert des Bodens) von CHF 1,08 Mio. (inkl. 8% MWST) erworben hat, ins Privatvermögen des Inhabers der Kostüm AG. Die Kostüm AG hat die Vorsteuern der Liegenschaft im Jahr 2010 geltend gemacht, als sie noch nach der effektiven Methode abrechnete.
Was für MWST-Auswirkungen hat die Überführung der Liegenschaft ins Privatvermögen? Berechnen Sie allfällige betragsmäßige MWST-Folgen unter Angabe der entsprechenden Artikel der MWSTV.",0.3,0.6
17,"Frage (2013, Aufgabe 5.3.1)
Der in der Schweiz ansässige und MWST-pflichtige Treuhänder X AG offeriert dem im Ausland ansässigen Herrn Y folgende voneinander unabhängige Dienstleistungen im
Rahmen einer Leistungskombination zu einem einzigen Pauschalpreis von CHF 10000
(exkl. MWST):
•	Schätzung der im Fürstentum Liechtenstein gelegenen Liegenschaft von Herrn Y
•	Rechtsberatungen im Zusammenhang mit einer Klage von Herrn Y gegen eine Schweizer Bank
•	Anlageberatungen für das Depot von Herrn Y bei einer Schweizer Bank
Gemäss internen Aufzeichnungen kann die X AG eindeutig belegen, dass der Pauschalpreis von CHF 10`000 wertmässig wie folgt auf die drei Leistungen aufgeteilt werden kann: 20% für die Schätzung, je 40% für die Rechts- und Anlageberatung. Diese Aufteilung wird Herrn Y aber nicht offengelegt.
Kann die X AG den Umsatz von CHF 10 000 mehrwertsteuerlich als Leistungskombination abrechnen? Begründen Sie Ihre Antwort unter Angabe der entsprechenden Artikel der MWSTV und geben Sie die allfälligen betragsmäßigen Umsatzsteuerfolgen für die XAGan.
",0.3,0.5
18,"Frage (2013, Aufgabe 5.3.2)
Die steuerpflichtige Vermittlung AG vermittelt Herrn X eine Weltreise im Namen und auf Rechnung des in der Schweiz ansässigen und steuerpflichtigen Reisebüros Travel AG. Die Vermittlung AG erhält dafür eine Vermittlungsgebühr von CHF 1000 (exkl. MWST). Für die Durchführung der Reise hat die Travel AG ausschliesslich Dienstleistungen und Lieferungen von ausländischen Veranstaltern eingekauft, die vollumfänglich jeweils im Ausland erbracht werden.
Wie hat die Vermittlung AG die Vermittlungsgebühr abzurechnen? Begründen Sie Ihre Antwort unter Angabe der entsprechenden Artikel des MWSTG.",0.2,0.4
19,"Frage (2014, Aufgabe 5.1.1)
Klären Sie die Steuerpflicht der Stiftung A ab, indem Sie insbesondere die einzelnen Tätigkeitsgebiete der Stiftung A gemäss ESTV-Praxis prüfen und den für die Steuerpflicht relevanten Umsatz ermitteln. Begründen Sie Ihre Antworten unter Angabe der ein­schlägigen Artikel des MWSTG.",0.3,0.9
20,"Frage (2014, Aufgabe 5.1.2)
Die Stiftung erzielt keine Zinserträge mehr, weshalb der Zinsertrag von CHF 45000 und die damit zusammenhängenden Aufwände von CHF 5000 entfallen. Alle anderen angegebenen Erträge und Aufwendungen sowie Vorsteuern bleiben gleich. Um das dadurch resultierende jährliche Betriebsdefizit von CHF 40000 zu decken, erhält die Stiftung vom Kanton Schwyz jährlich Subventionen im Umfang von CHF 40000 ohne konkrete Gegenleistung.
Welche Vorsteuern kann die Stiftung aufgrund dieser neuen Konstellation jährlich geltend machen? Berechnen Sie den entsprechenden Betrag und begründen Sie Ihre Antwort zusammen mit der einschlägigen Bestimmung der MWSTV.
",0.4,0.8
21,"Frage (2014, Aufgabe 5.2.1)
Welche Konsequenzen in Bezug auf die Umsatz- und Vorsteuer ergeben sich für die X AG? Berechnen Sie die Umsatz- und Vorsteuer für die X AG betragsmässig. Gehen Sie davon aus, dass die X AG mit Ausnahme der Ingebrauchnahme der eigenen Infrastruktur noch keine Vorsteuern geltend gemacht hat. Begründen Sie Ihre Antworten zusammen mit den einschlägigen Bestimmungen des MWSTG und der MWSTV.",0.3,0.6
22,"Frage (2014, Aufgabe 5.2.2)
Die sechste Wohnung wird nach Fertigstellung wochenweise an diverse in Deutschland wohnhafte Mitglieder einer Familie vermietet. Die einzelnen Familienmitglieder mieten die Wohnung jeweils lediglich für ein bis drei Wochen, wenn sie sich in der Schweiz für Erholungsreisen und Shoppingtouren sowie für den Besuch von Freunden aufhalten. Nebst dem wöchentlichen Mietzins stellt die X AG den einzelnen Mietern aus Deutschland die Reinigung für die Wohnung separat in Rechnung. Der X AG entstehen sowohl für die wochenweise Vermietung wie auch für die Reinigung laufende vorsteuerbelastete Aufwendungen.
Wie hat die X AG die wöchentlichen Mietzinseinnahmen sowie die separat fakturierten Reinigungsarbeiten in Bezug auf die Umsatzsteuer zu behandeln? Wie sind die laufenden vorsteuerbelasteten Aufwendungen in Bezug auf die Vorsteuern zu behandeln?",0.4,0.7
23,"Frage (2014, Aufgabe 5.2.3)
Die AAG, welche die zweite Wohnung gekauft hat, hat am 1. März 2015 wertvermehrende Investitionen (Parkettboden/Heizungen) im Umfang von CHF 50000 (inkl. CHF 2000 MWST) tätigen lassen. Die Wohnung wurde daraufhin ohne Option vom 1.April 2015 bis 30. September 2015 vermietet. Seit Kündigung des Mieters konnte die A AG die Wohnung nicht mehr vermieten. Am 1. April 2016 beschließt die A AG, die Wohnung in ein Büro umzuwandeln, und reicht am selben Tag ein entsprechendes Baugesuch bei der Gemeinde ein. Am 1. Mai 2016 lässt die A AG die Wohnung für CHF 100000 (inkl. CHF 5000 MWST) umbauen und vermietet das neue Büro am 1.Juli 2016 mit Option an eine Einzelunternehmung. Vom 1.April 2015 bis zum 30.Juni 2016 fallen jeweils durchgängig monatliche Betriebs- und Unterhaltskosten von CHF 200 (inkl. CHF 10 MWST) an.
Berechnen Sie die Vorsteuern, die die A AG während der Periode vom 1. März 2015 bis 30.Juni 2016 geltend machen kann, und begründen Sie Ihre Antwort.",0.2,0.7
24,"Frage (2014, Aufgabe 5.3.1)
Die nach Saldosteuersatz abrechnende Apotheke mit Saldosteuersatz von o,6% hat ein Medikament zum Preis von CHF 50 (inkl. MWST) einem Kunden mit 8% abgerechnet statt zu 2,5%. Was für verschiedene Möglichkeiten stehen der Apotheke zur Verfügung, um diesen Missstand zu beheben? Welchen zusätzlichen Betrag könnte die Apotheke alternativ zu den vorherigen Möglichkeiten abrechnen, um keine nachteiligen Konsequenzen bei einer Steuerrevision zu erfahren? Der einschlägige Artikel der MWSTV und die Berechnungen sind anzugeben.",0.6,0.9
25,"Frage (2014, Aufgabe 5.3.2)
Die steuerpflichtige Kino X AG bestellt für die Vorführung eines Filmes in Zürich eine Filmrolle vom in Deutschland ansässigen Filmverleiher A GmbH. Der Vertrag zwischen den beiden Parteien sieht vor, dass die X AG der A GmbH für die Überlassung der Filmrolle nach Ablauf eines Monats CHF 2 pro Kinobesucher zahlen wird. Die A GmbH liefert die entsprechende Filmrolle von Deutschland ins Kino in Zürich. Nach einem Monat kann die X AG 5000 Besucher registrieren.
Welche Vertragspartei hat welche Umsatzsteuer abzurechnen? Berechnen Sie einen allfälligen MWST-Betrag und begründen Sie Ihre Antwort zusammen mit den einschlägigen Bestimmungen des MWSTG und der MWSTV.
",0.2,0.6
26,"Frage (2015, Aufgabe 5.1.1)
Die in Zürich domizilierte MWST-pflichtige Spielwaren AG versendet unter Eigentumsvorbehalt am 1. April 2015 eine Fracht mit Spielzeugen, die sie für CHF 43 200 (inkl. CHF 3200 MWST) in der Schweiz erworben hat, durch einen von ihr beauftragten Frachtführer von ihrem Geschäftshaus in Zürich an die in Frankfurt ansässige Toys Shopping GmbH. Die Spielwaren AG stellt für die versandten Spielzeuge der Toys Shopping GmbH eine Rechnung im Umfang von CHF 50000 aus. Am 1.Juli 2015 wird die Rechnung durch die Toys Shopping GmbH bezahlt, worauf die Spielwaren AG den Eigentumsvorbehalt löscht.
Welche MWST-Folgen ergeben sich für die Spielwaren AG sowie für die Toys Shopping GmbH am 1. April 2015? Geben Sie in Ihrer Begründung die entsprechenden Artikel des MWSTG und der MWSTV an.
",0.5,0.6
27,"Frage (2015, Aufgabe 5.1.2)
Die Spielwaren AG kauft Spielwaren bei der in Österreich domizilierten Produktion AG zum Preis von CHF 50 000 ein und verkauft sie der in Deutschland domizilierten Toys Shopping GmbH zum Preis von CHF 55000. Die Spielzeuge werden dabei direkt von Wien nach Frankfurt geliefert. Die Spielwaren AG hat Vorsteuern im Umfang von CHF 200 im Zusammenhang mit dieser Transaktion bezahlt.
Welche MWST-Folgen ergeben sich für die Spielwaren AG und die Toys Shopping GmbH?",0.4,0.7
28,"Frage (2015, Aufgabe 5.1.3)
Die Spielwaren AG bestellt bei der nicht im MWST-Register eingetragenen und in Wien domizilierten Produktion AG diverse Spielzeuge zum vereinbarten Preis von CHF 40 000 und verkauft diese Spielzeuge an die in Basel und im MWST-Register eingetragene Spiele AG zum Preis von CHF 50000. Die Spielzeuge werden durch einen von der Produktion AG beauftragten Spediteur von Wien direkt nach Basel zur Spiele AG transportiert. Die Spielwaren AG wendet die ihr von der ESTV bewilligte Unterstellungserklärung an.
Welche MWST-Folgen ergeben sich für die Produktion AG, die Spiele AG und die Spielwaren AG? Geben Sie in Ihrer Begründung die entsprechenden Artikel des MWSTG und der MWSTV an.",0.5,0.6
29,"Frage (2015, Aufgabe 5.1.4)
Die in Deutschland ansässige Rep AG erhält von der Spielwaren AG einen Auftrag, ihre nicht funktionstüchtigen Spielwaren in ihrem Lager in Zürich zu reparieren. Die Rep AG führt die Reparaturarbeiten in Zürich mit aus Deutschland mitgebrachten Ersatzteilen im Wert von CHF 20000 aus. Die Beförderungskosten der Ersatzteile betragen CHF 1000. Die Rep AG verrechnet der Spielwaren AG für ihre Reparaturarbeiten inkl. Ersatzteile insgesamt CHF 50 000
Frage (2015, Aufgabe 5.1.4.1)
Welche MWST-Folgen ergeben sich für die Rep AG und die Spielwaren AG, wenn die Rep AG im MWST-Register eingetragen ist?",0.4,0.9
30,"Frage (2015, Aufgabe 5.1.4.2)
Variante zum Sachverhalt 5.1.4 (vor Frage 5.1.4.1): Welche MWST-Folgen ergeben sich für die Rep AG und die Spielwaren AG, wenn die Rep AG nicht im MWST-Register eingetragen ist? Geben Sie in Ihrer Begründung die entsprechenden Artikel des MWSTG an.

",0.3,0.6
31,"Frage (2015, Aufgabe 5.1.5)
Die Spielwaren AG eröffnet eine Zweigniederlassung in Italien. deren Zweck im Verkauf von Spielzeugen besteht. Um den Verkauf anzukurbeln, eröffnet die Zweigniederlassung zudem ein Spielzeug-Museum in Italien. Um das Museum entsprechend auszustatten, lässt die Spielwaren AG durch einen Spediteur Spielzeuge, die sie von einem Schweizer Unternehmen für CHF 86400 (inkl. MWST von CHF 6400) erworben hat, zur vorübergehenden Überlassung im Museum in die italienische Zweigniederlassung verschieben.
Welche MWST-Folgen ergeben sich für die Spielwaren AG
",0.5,0.6
32,"Frage (2015, Aufgabe 5.2.1)
Die nicht im MWST-Register eingetragene, in Frankreich domizilierte Group SA gründet in der Schweiz die Lizenz AG durch Sacheinlage eines Patentes von CHF 8 Mio. Gleichzeitig gewährt sie der Lizenz AG ein Darlehen von CHF 2 Mio. Die Lizenz AG wird sich nicht ins MWST-Register eintragen lassen.
Was für MWST-Folgen ergeben sich für die Lizenz AG und die Group SA in Bezug auf die Sacheinlagegründung? Geben Sie in Ihrer Begründung die entsprechenden Artikel des MWSTG und der MWSTV an.
",0.3,0.7
33,"Frage (2015, Aufgabe 5.2.2)
Nach drei Jahren lässt sich die Lizenz AG ins MWST-Register eintragen. Das Patent wird zu 80% für steuerbare Lizenzerträge und zu 20% für Versicherungsvermittlungserträge verwendet. Welche Folgen in Bezug auf die Vorsteuern ergeben sich für die Lizenz AG durch den Eintrag ins MWST-Register (allfällige Beträge sind zu berechnen)?",0.2,0.4
34,"Frage (2015, Aufgabe 5.2.3)
Die Lizenz AG hat ihre Lizenzerträge in diverse kotierte Aktien investiert, welche Dividenden von CHF 1 Mio. abwerfen. Die Lizenz AG zahlt Depotführungsgebühren von CHF 10800 (inkl. CHF 800 MWST) für die Verwahrung der Aktien bei einer Bank.
Wie sind der Dividendenertrag und die Vorsteuern bei der Lizenz AG mehrwertsteuerlich zu behandeln?
",0.5,0.9
35,"Frage (2015, Aufgabe 5.2.4)
Die Lizenz AG hat Lizenzerträge von CHF 1,08 Mio. (inkl. CHF 0,08 Mio. MWST) an Lizenznehmer fakturiert. Um ihre Liquiditätsposition zu verbessern, hat sie einen Factoring vertrag mit der in Deutschland ansässigen Factor GmbH abgeschlossen. Gemäss Factoring vertrag hat die Lizenz AG sämtliche Forderungen gegenüber den Lizenznehmern im Umfang von CHF 1,08 Mio. schriftlich an die Factor GmbH zu zedieren. Die Factor GmbH übernimmt das Ausfallrisiko und bezahlt der Lizenz AG insgesamt ein Abtretungsentgelt von CHF1Mio. Die Differenz von CHF 0,08 Mio. stellt eine Entschädigung für die von der Factor GmbH erbrachten Factoring Leistungen dar.
Frage (2015, Aufgabe 5.2.4.1)
Was für Auswirkungen hat die Zession/Abtretung der Forderungen auf die ursprüngliche mehrwertsteuerliche Behandlung der gegenüber den Lizenznehmern fakturierten Lizenzerträge bei der Lizenz AG?",0.5,0.9
36,"Frage (2015, Aufgabe 5.2.4.2)
Wie ist das Abtretungsentgelt von CHF 1 Mio. mehrwertsteuerlich zu behandeln'/
",0.2,0.9
37,"Frage (2015, Aufgabe 5.2.4.3)
Wie ist der Abzug bzw. die Entschädigung von CHF 0,08 Mio. mehrwertsteuerlich zu behandeln?
",0.3,0.7
38,"Frage (2015, Aufgabe 5.2.4.4)
Wie ist der Abzug bzw. die Entschädigung von CHF 0,08 Mio. mehrwertsteuerlich zu behandeln, wenn die Factor GmbH das Delkredererisiko nicht übernimmt?",0.2,0.6
39,"Frage (2016, Aufgabe 5.1.1)
Die in der Schweiz ansässige Education & Consult AG erbringt generelle Ausbildungsleistungen im Bereich der Informatik an nicht steuerpflichtige Schweizer Kunden. Durch ihre Zweigniederlassung in Deutschland werden speziell auf die Kunden zugeschnittene Beratungsleistungen im Bereich der Informatik erbracht.
Dem Hauptsitz in der Schweiz sind folgende Erträge und Aufwendungen zuzuweisen:
•	Erträge aus Ausbildungsleistungen: CHF 540000 (inkl. allfälliger MWST)
•	Aufwendungen: CHF 400000 (inkl. CHF 25000 MWST)
Der Zweigniederlassung sind folgende Erträge und Aufwendungen zuzuweisen:

Erträge aus Beratungsleistungen an in Deutschland ansässige Kunden CHF 500000 (inkl. deutscher Umsatzsteuer)
•	Zinsertrag: CHF 50000
•	Dividendenertrag: CHF100 000
•	Aufwendungen für Leistungen von deutschen Leistungserbringern: CHF 300000 (inkl. deutscher Umsatzsteuer)
•	Aufwendungen von in der Schweiz steuerpflichtigen Leistungserbringern: CHF 200000 (inkl. CHF 15000 MWST)
Der Finanzchef der Education & Consult AG möchte von Ihnen wissen, welche Vorsteuern die Education & Consult AG von der ESTV zurückfordern sollte. Berechnen Sie den Betrag an Schweizer Vorsteuern, welche die Education & Consult AG gegenüber der ESTV geltend machen sollte, um ihre MWST-Position insgesamt aus finanzieller Sicht zu optimieren. Pauschalen für allfällige Vorsteuerkorrekturen sind anzuwenden. Beschreiben Sie die entsprechenden Voraussetzungen für die verschiedenen Anspruchsberechtigungen und erklären Sie, ob die Education & Consult AG die jeweiligen Voraussetzungen erfüllt. Begründen Sie Ihre Antworten inklusive der entsprechenden Artikel des MWSTG und der MWSTV.",0.5,0.7
40,"Frage (2016, Aufgabe 5.1.2)
Die Education & Consult AG plant die Übernahme des Konzerns, der aus den Gesellschaften A-AG, B-AG und C-AG besteht, welche seit dem 1.Januar 2015 in einer MWSTGruppe zusammengefasst sind. Die MWST-Risiken dieser MWST-Gruppe betragen insgesamt CHF 5 Mio. Aufgrund der internen MWST-Abrechnungen der einzelnen Gruppenmitglieder aus dem Jahr 2015 entfallen CHF 3 Mio. auf die A-AG und CI-IF 2 Mio. auf die B-AG.
Frage (2016, Aufgabe 5.1.2.1)
Der Finanzchef möchte von Ihnen wissen, welche MWST-Risiken übernommen werden, wenn die A-AG per 1.Januar 2017 im Rahmen eines Share Deals (Kauf der Beteiligung) durch die Education & Consult AG übernommen wird. Begründen Sie Ihre Antwort..",0.5,0.9
41,"Frage (2016, Aufgabe 5.1.2.2)
Der Finanzchef möchte von Ihnen wissen, welche MWST-Risiken übernommen werden, wenn die beiden Gesellschaften A-AG und C-AG per 1.Januar 2017 in ihrer bestehenden MWST-Gruppe durch die Education & Consult AG übernommen werden und weiterhin als eigene «MWST-Teilgruppe» bestehen bleiben. Die Gesellschaft B-AG scheidet dabei per 31. Dezember 2016 aus der bestehenden MWST-Gruppe aus. Begründen Sie Ihre Antwort.
",0.3,0.8
42,"Die ART AG betreibt eine Galerie und bietet Kurse wissenschaftlicher Art im Bereich der Kunst an. Die Galerie und die angebotenen Kurse finden in eigenen Räumlichkeiten in Zürich statt. Auf ihrer Webseite wirbt die ART AG für den Besuch ihrer Galerie und der Kurse. Kurs-Interessenten können sich dabei via Internet oder schriftlich für den Be­ such der Kurse anmelden und erhalten jeweils per Post die Anmeldebestätigung mit einer Rechnung, auf der keine MWST ausgewiesen wird. Besucher erhalten Zutritt zur Galerie, indem sie an der Kasse das entsprechende Eintrittsgeld bar oder per Kredit­ karte bezahlen. Eine Rechnung oder eine Eintrittskarte wird dabei nicht ausgehändigt. Da die ART AG die Option für die Umsätze aus den Eintritten in die Galerie und die Kurs­ gebühren ausüben möchte, wird auf der Webseite hervorgehoben, dass sich die Kursge­ bühren und Eintrittspreise inkl. MWST verstehen. Zudem weist die ART AG in ihren quartalsweisen MWST-Abrechnungsformularen die Option jeweils aus.

Frage (2016, Aufgabe 5.2.1)
Kann die ART AG die Vorsteuern im Zusammenhang mit den erzielten Entgelten aus dem Verkauf der Eintrittskarten für die Galerie und aus den Kursgebühren geltend machen? Begründen Sie Ihre Antworten inklusive der entsprechenden Artikel des MWSTG und der MWSTV.
",0.6,0.7
43,"Frage (2016, Aufgabe 5.2.2)
Welche Umsatzsteuern sind von der ART AG zu entrichten, sofern die Option rechtswirksam erfolgte und die Umsätze aus den Eintritten für die Galerie CHF 200000 (exkl. MWST) und aus den Kursgebühren CHF 100000 (exkl. MWST) betragen?
",0.2,0.3
44,"Frage (2016, Aufgabe 5.2.3)
Um ihren Bekanntheitsgrad auch im Ausland zu steigern, eröffnet die ART AG eine Galerie in Wien. Sie erzielt dabei Einnahmen aus Eintritten im Umfang von EUR 50 000. Für die Erzielung dieser Einnahmen fielen Aufwendungen in der Schweiz von CHF 10 800 (inkl. CHF 800 MWST) an, welche von Schweizer Steuerpflichtigen erbracht wurden.
Welche Auswirkungen ergeben sich für die ART AG aufgrund der Galerie in Wien? Begründen Sie Ihre Antwort und geben Sie die betragsmäßigen Auswirkungen an.
",0.4,0.7
